Università di Bolzano:Libera Università di Bolzano
Università degli Studi di Bolzano:Libera Università di Bolzano
Free University of Bozen-Bolzano:Libera Università di Bolzano
Free University of Bozen:Libera Università di Bolzano
University of Bozen:Libera Università di Bolzano
Università IULM:Libera Università di Lingue e Comunicazione IULM
IULM University of Milan:Libera Università di Lingue e Comunicazione IULM
Università Internazionale degli Studi Sociali Guido Carli:Libera Università Internazionale degli Studi Sociali Guido Carli
Università degli Studi Sociali Guido Carli:Libera Università Internazionale degli Studi Sociali Guido Carli
Libera Università Internazionale degli Studi Sociali G. Carli:Libera Università Internazionale degli Studi Sociali Guido Carli
Luiss Guido Carli:Libera Università Internazionale degli Studi Sociali Guido Carli
Luiss:Libera Università Internazionale degli Studi Sociali Guido Carli
LUMSA:Libera Università Maria SS. Assunta
Università LUMSA:Libera Università Maria SS. Assunta
Università LUISS:Libera Università Internazionale degli Studi Sociali Guido Carli
Università Carlo Cattaneo:LIUC Università Cattaneo
LIUC:LIUC Università Cattaneo
Università C. Cattaneo:LIUC Università Cattaneo
University Carlo Cattaneo:LIUC Università Cattaneo
Polytechnic University of Bari:Politecnico di Bari
PoliMI:Politecnico di Milano
Polytechnic University of Milan:Politecnico di Milano
Polytechnic University of Turin:Politecnico di Torino
La Sapienza:Sapienza Università di Roma
Università Roma 1:Sapienza Università di Roma
Sapienza University of Rome:Sapienza Università di Roma
IMT School for Advanced Studies Lucca:Scuola IMT Alti Studi Lucca
SISSA:Scuola Internazionale Superiore di Studi Avanzati
International School for Advanced Studies:Scuola Internazionale Superiore di Studi Avanzati
La Normale:Scuola Normale Superiore di Pisa
SSSA:Scuola Superiore Sant'Anna
Sant'Anna School of Advanced Studies:Scuola Superiore Sant'Anna
Saint Camillus International University of Health Sciences:UniCamillus University
UniCamillus – Università Medica Internazionale di Roma:UniCamillus University
Ca' Foscari University of Venice:Università Ca' Foscari di Venezia
UCSC:Università Cattolica del Sacro Cuore
UNICATT:Università Cattolica del Sacro Cuore
La Cattolica:Università Cattolica del Sacro Cuore
La Bocconi:Università Commerciale Luigi Bocconi
UniBocconi:Università Commerciale Luigi Bocconi
Bocconi University:Università Commerciale Luigi Bocconi
Università del Molise:Università degli Studi del Molise
University of Molise:Università degli Studi del Molise
Università degli Studi del Piemonte Orientale Amedeo Avogadro:Università degli Studi del Piemonte Orientale
Università degli Studi del Piemonte:Università degli Studi del Piemonte Orientale
University of Eastern Piedmont:Università degli Studi del Piemonte Orientale
Università degli Studi del Sannio:Università degli Studi del Sannio di Benevento
University of Sannio:Università degli Studi del Sannio di Benevento
University of Basilicata:Università degli Studi della Basilicata
Università della Basilicata:Università degli Studi della Basilicata
Seconda Università degli Studi di Napoli:Università degli Studi della Campania Luigi Vanvitelli
Università degli Studi della Campania L. Vanvitelli:Università degli Studi della Campania Luigi Vanvitelli
Tuscia University:Università degli Studi della Tuscia
Università degli Studi della Tuscia di Viterbo:Università degli Studi della Tuscia
Università dell'Aquila:Università degli Studi dell'Aquila
University of L'Aquila:Università degli Studi dell'Aquila
Università dell'Insubria:Università degli Studi dell'Insubria
University of Insubria:Università degli Studi dell'Insubria
University of Bari:Università degli Studi di Bari Aldo Moro
Università di Bari Aldo Moro:Università degli Studi di Bari Aldo Moro
Università degli Studi di Bari A. Moro:Università degli Studi di Bari Aldo Moro
Università di Bergamo:Università degli Studi di Bergamo
University of Bergamo:Università degli Studi di Bergamo
University of Bologna:Università degli Studi di Bologna
Università di Bologna:Università degli Studi di Bologna
Università di Brescia:Università degli Studi di Brescia
University of Brescia:Università degli Studi di Brescia
Università di Cagliari:Università degli Studi di Cagliari
University of Cagliari:Università degli Studi di Cagliari
Università di Camerino:Università degli Studi di Camerino
University of Camerino:Università degli Studi di Camerino
Università di Cassino e del Lazio Meridionale:Università degli Studi di Cassino e del Lazio Meridionale
University of Cassino and Southern Lazio:Università degli Studi di Cassino e del Lazio Meridionale
Università di Catania:Università degli Studi di Catania
University of Catania:Università degli Studi di Catania
Università Enna Kore:Università degli Studi di Enna Kore
Università Kore di Enna:Università degli Studi di Enna Kore
Libera Università degli Studi di Enna 'Kore' :Università degli Studi di Enna Kore
Libera Università degli Studi di Enna 'Kore':Università degli Studi di Enna Kore
Kore University of Enna:Università degli Studi di Enna Kore
Università di Ferrara:Università degli Studi di Ferrara
University of Ferrara:Università degli Studi di Ferrara
Università di Firenze:Università degli Studi di Firenze
University of Florence:Università degli Studi di Firenze
Università di Foggia:Università degli Studi di Foggia
University of Foggia:Università degli Studi di Foggia
Università di Genova:Università degli Studi di Genova
University of Genoa:Università degli Studi di Genova
Università di Macerata:Università degli Studi di Macerata
University of Macerata:Università degli Studi di Macerata
Università di Messina:Università degli Studi di Messina
University of Messina:Università degli Studi di Messina
Università di Milano:Università degli Studi di Milano
University of Milan:Università degli Studi di Milano
Università Bicocca:Università degli Studi di Milano-Bicocca
University of Milano-Bicocca:Università degli Studi di Milano-Bicocca
Università di Modena e Reggio Emilia:Università degli Studi di Modena e Reggio Emilia
University of Modena and Reggio Emilia:Università degli Studi di Modena e Reggio Emilia
Università di Napoli "L'Orientale":Università degli Studi di Napoli "L'Orientale"
University of Naples "L'Orientale":Università degli Studi di Napoli "L'Orientale"
Università di Napoli Federico II:Università degli Studi di Napoli Federico II
University of Naples Federico II:Università degli Studi di Napoli Federico II
Università di Napoli Parthenope:Università degli Studi di Napoli Parthenope
Parthenope University of Naples:Università degli Studi di Napoli Parthenope
Università di Padova:Università degli Studi di Padova
University of Padua:Università degli Studi di Padova
University of Palermo:Università degli Studi di Palermo
Università di Palermo:Università degli Studi di Palermo
Università di Parma:Università degli Studi di Parma
University of Parma:Università degli Studi di Parma
Università di Pavia:Università degli Studi di Pavia
University of Pavia:Università degli Studi di Pavia
Università di Perugia:Università degli Studi di Perugia
University of Perugia:Università degli Studi di Perugia
Università degli Studi di Pisa:Università di Pisa
University of Pisa:Università di Pisa
Università di Roma Foro Italico:Università degli Studi di Roma Foro Italico
Foro Italico University of Rome:Università degli Studi di Roma Foro Italico
University of Rome Tor Vergata:Università degli Studi di Roma Tor Vergata
Università di Roma Tor Vergata:Università degli Studi di Roma Tor Vergata
Università di Salerno:Università degli Studi di Salerno
University of Salerno:Università degli Studi di Salerno
Università di Sassari:Università degli Studi di Sassari
University of Sassari:Università degli Studi di Sassari
Università di Siena:Università degli Studi di Siena
University of Siena:Università degli Studi di Siena
Università di Teramo:Università degli Studi di Teramo
University of Teramo:Università degli Studi di Teramo
Università di Torino:Università degli Studi di Torino
University of Turin:Università degli Studi di Torino
Università di Trento:Università degli Studi di Trento
University of Trento:Università degli Studi di Trento
Università di Trieste:Università degli Studi di Trieste
University of Trieste:Università degli Studi di Trieste
Università di Udine:Università degli Studi di Udine
University of Udine:Università degli Studi di Udine
Università di Urbino Carlo Bo:Università degli Studi di Urbino Carlo Bo
Università degli Studi di Urbino C. Bo:Università degli Studi di Urbino Carlo Bo
University of Urbino:Università degli Studi di Urbino Carlo Bo
Università di Verona:Università degli Studi di Verona
University of Verona:Università degli Studi di Verona
Università degli Studi Gabriele d'Annunzio:Università degli Studi G. d'Annunzio Chieti-Pescara
D'Annunzio University:Università degli Studi G. d'Annunzio Chieti-Pescara
International University of Rome:Università degli Studi Internazionali di Roma
Magna Græcia University of Catanzaro:Università degli Studi Magna Graecia di Catanzaro
Università Magna Graecia di Catanzaro:Università degli Studi Magna Graecia di Catanzaro
Università Mediterranea di Reggio Calabria:Università degli Studi Mediterranea di Reggio Calabria
Università di Reggio Calabria:Università degli Studi Mediterranea di Reggio Calabria
Mediterranea University of Reggio Calabria:Università degli Studi Mediterranea di Reggio Calabria
Università Roma Tre:Università degli Studi Roma Tre
Roma Tre University:Università degli Studi Roma Tre
Università Suor Orsola Benincasa:Università degli Studi Suor Orsola Benincasa
Università degli Studi del Salento:Università del Salento
University of Salento:Università del Salento
Università degli Studi della Calabria:Università della Calabria
University of Calabria:Università della Calabria
Università degli Studi della Valle d'Aosta:Università della Valle d'Aosta
Aosta Valley University:Università della Valle d'Aosta
Marche Polytechnic University:Università Politecnica delle Marche
Aarhus Universitet:Aarhus University
Scuola superiore di studi universitari e di perfezionamento Sant'Anna:Scuola Superiore Sant'Anna
Aalborg Universitet:Aalborg University
alma mater studiorum  università di bologna:Università degli Studi di Bologna
università bocconi:Università Commerciale Luigi Bocconi
Università degli Studi di Bologna Alma Mater:Università degli Studi di Bologna
Universidad de Sevilla:University of Seville
Università di Siviglia:University of Seville
Universidad de Granada:University of Granada
Università di Granada:University of Granada